title,tags,main text,linked notes ids
Восход солнца. ,#природа #утро #красота.,"Наблюдать восход солнца — это магический момент, когда все приходит в движение и начинается новый день. ",[2]
Вечерняя прогулка на пляже. ,#природа #море #отдых.,"Шум прибоя, песчаный пляж и нежное солнышко — все это делает вечерние прогулки на пляже такими приятными. ",[1]
Рецепт пасты Карбонара. ,#еда #рецепт #паста.,"Рецепт классической итальянской пасты Карбонара с беконом, сыром и яйцами. Отличный выбор для вкусного ужина. ",[]
Путешествие по Европе. ,#путешествие #красота #история.,"Приключения, новые культуры, великолепные пейзажи и потрясающая история — путешествие по Европе запомнится надолго. ","[1, 2]"
Техники медитации. ,#здоровье #медитация #релаксация.,"Медитация помогает улучшить физическое и эмоциональное здоровье, научиться сосредоточиться и отдохнуть. ",[6]
Польза йоги для здоровья. ,#здоровье #йога #релаксация.,"Йога помогает укрепить тело, улучшить гибкость и снять стресс. Это прекрасный способ поддерживать здоровье и гармонию. ",[5]
Любовь к чтению. ,#книги #чтение #вдохновение.,"Чтение — это источник знаний, вдохновения и возможности уйти в другой мир. ",[8]
Список рекомендованных книг. ,#книги #чтение #рекомендации.,"В этой заметке я собрал список книг, которые рекомендую прочитать. От классической литературы до современных бестселлеров. ",[7]
Техники эффективного планирования. ,#продуктивность #организация #управление.,"ехники эффективного планирования. #продуктивность #организация #управление временем. В этой заметке я поделюсь несколькими техниками, которые помогут улучшить планирование и организацию своего времени. ",[]
 Вдохновение в повседневной жизни. ,#мотивация #успех #вдохновение.,"Как найти вдохновение и мотивацию каждый день, чтобы двигаться к своим целям и достичь успеха. ",[7]
" Python и его особенности"". ",#python #программирование #язык_программирования.,Python - мощный и гибкий язык программирования. Он известен своей читаемостью и удобством в использовании. ,[12]
" Основы программирования"". ",#программирование #начинающим #алгоритмы.,Изучение основ программирования позволяет понять принципы работы компьютера и создавать свои собственные программы. ,"[11, 15]"
" Структуры данных"". ",#программирование #структуры_данных #алгоритмы.,Структуры данных - это способы организации и хранения данных в компьютере. ,[15]
" Анализ данных с помощью Python"". ",#анализ_данных #python #data_science.,Python широко используется в анализе данных благодаря своим библиотекам и инструментам. ,[16]
" Алгоритмы и их классификация"". ",#программирование #алгоритмы #теория_алгоритмов.,"Алгоритмы - это последовательности шагов, которые решают определенную задачу. ","[12, 13]"
" Обработка и анализ медицинских данных"". ",#анализ_данных #медицина #big_data.,"Анализ медицинских данных позволяет выявлять закономерности, оптимизировать лечение и повышать качество медицинской помощи. ",[17]
" Машинное обучение для прогнозирования пациентских исходов"". ",#машинное_обучение #медицина #прогнозирование.,Применение методов машинного обучения позволяет делать прогнозы о пациентских исходах и помогает врачам принимать более обоснованные решения. ,"[16, 19]"
" Роль данных в управлении отношениями с клиентами"". ",#анализ_данных #CRM #взаимоотношения_с_клиентами.,"С использованием данных клиентов можно оптимизировать стратегию управления отношениями с клиентами, предлагать персонализированные предложения и улучшать уровень обслуживания. ",[19]
" Применение аналитических инструментов в маркетинге"". ",#анализ_данных #маркетинг #digital_маркетинг.,"Аналитика помогает в маркетинге определять эффективность кампаний, идентифицировать целевую аудиторию и улучшать маркетинговые стратегии. ","[18, 16]"
" Искусственный интеллект и автоматизация в банковском секторе"". ",#искусственный_интеллект #банковское_дело #автоматизация.,"Использование искусственного интеллекта и автоматизации помогает банкам повышать эффективность работы, обнаруживать мошенническую активность и улучшать услуги для клиентов. ","[19, 21]"
" Роль аналитики данных в процессе производства"". ",#анализ_данных #производство #оптимизация.,"Анализ данных помогает оптимизировать производстенные процессы, сокращать издержки и повышать качество продукции. ",[20]
" Анализ текста и сентимент-анализ в социальных сетях"". ",#анализ_данных #социальные_сети #NLP.,Анализ текстов в социальных сетях позволяет выявлять мнения пользователей и оценивать их эмоциональный отклик на продукты и услуги. ,[21]
" Программирование на языке R для статистического анализа"". ",#R #программирование #статистический_анализ.,Язык программирования R предоставляет мощные инструменты для статистического анализа данных и визуализации результатов. ,[24]
" Анализ временных рядов и прогнозирование трендов"". ",#анализ_данных #временные_ряды #прогнозирование.,"Анализ временных рядов позволяет исследовать изменения во времени, выявлять тренды и делать прогнозы на основе исторических данных. ",[23]
" Программирование на языке Java для web-разработки"". ",#Java #программирование #web_разработка.,Язык программирования Java позволяет создавать мощные и масштабируемые веб-приложения и обеспечивает широкие возможности для разработчиков. ,[]
" Важность командной работы в IT-компаниях"". ",#командная_работа #управление_персоналом.,"В IT-компаниях успешная командная работа имеет огромное значение, поскольку она способствует более эффективной разработке и достижению поставленных целей. ","[27, 29]"
" Принципы эффективного управления персоналом"". ",#управление_персоналом #лидерство.,"Эффективное управление персоналом включает в себя умение устанавливать ясные ожидания, разрабатывать стратегии мотивации и эффективно решать конфликты. ","[26, 30]"
" Роль коммуникации в управлении персоналом"". ",#управление_персоналом #коммуникация.,"Грамотная коммуникация является ключевым аспектом в управлении персоналом, поскольку она способствует эффективному взаимодействию и пониманию. ","[27, 29]"
" Развитие навыков сотрудников через коучинг"". ",#управление_персоналом #развитие_навыков.,Коучинг является эффективным инструментом для развития навыков сотрудников и повышения их профессионального уровня. ,"[28, 30]"
" Преимущества внедрения Agile-методологий в IT-компаниях"". ",#Agile #управление_персоналом.,Внедрение Agile-методологий в IT-компаниях способствует более гибкому управлению персоналом и улучшению качества разработки. ,"[27, 29]"
" Ролевые модели в командной работе"". ",#командная_работа #ролевые_модели.,Использование ролевых моделей в командной работе позволяет распределить обязанности и повысить эффективность взаимодействия сотрудников. ,"[32, 33]"
" Эффективное взаимодействие команды разработчиков"". ",#командная_работа #разработка.,"Эффективное взаимодействие команды разработчиков основано на открытой коммуникации, взаимном уважении и совместном решении проблем. ","[31, 34]"
" Управление конфликтами в командной работе"". ",#командная_работа #управление_конфликтами.,"Управление конфликтами является важной частью командной работы, и владение техниками и стратегиями по разрешению конфликтов способствует более гармоничной работе команды. ","[31, 34]"
" Развитие навыков программирования через менторство"". ",#разработка #менторство.,"Менторство способствует развитию навыков программирования, передаче опыта и повышению профессионализма разработчиков. ","[32, 35]"
 Утренняя зарядка. ,#здоровье #фитнес #утро.,"Утренняя зарядка - это прекрасный способ начать свой день с энергией и хорошим настроением. Она помогает пробудить организм, улучшить кровообращение и подготовиться к активной работе дней",[40]
 Здоровое питание. ,#здоровье #питание #полезноепитание.,"Здоровое питание - это основа нашего здоровья. Важно употреблять разнообразные продукты, богатые витаминами и минералами, и следить за пищевым рационом",[39]
 Спортивные достижения. ,#спорт #достижения #фитнес.,Спортивные достижения - это результат усердной тренировки и постоянного самосовершенствования. Они помогают нам преодолевать себя и достигать новых высот,[45]
 Медитация и релаксация. ,#медитация #релаксация #психология.,"Медитация и релаксация - это способы снять стресс, успокоить ум и почувствовать гармонию. Они помогают нам найти внутренний покой и сосредоточиться на настоящем моменте",[37]
 Уютный вечер дома. ,#дом #отдых #релакс.,"Уютный вечер дома - это отличная возможность отдохнуть после долгого рабочего дня. Мы можем насладиться тишиной, читать книгу, смотреть фильм или просто наслаждаться времяпровождением в кругу семьи",[36]
 Путешествие в горы. ,#путешествия #горы #природа.,"Путешествие в горы - это уникальная возможность насладиться красотой природы, свежим воздухом и активным отдыхом. Горы могут подарить нам незабываемые впечатления и ощущение свободы",[]
 Осенняя прогулка. ,#осень #природа #прогулка.,"Осенняя прогулка - это прекрасный способ насладиться красотой осени, живописными пейзажами и яркими красками природы. Время проведенное на свежем воздухе обязательно подарит нам хорошее настроение",[]
 Изучение нового языка. ,#образование #язык #саморазвитие.,"Изучение нового языка - это отличная возможность расширить свои горизонты, познакомиться с другой культурой и обрести новые возможности для общения и карьерного роста",[]
 Собачья прогулка. ,#собака #природа #прогулка.,"Собачья прогулка - это не только возможность провести время со своим питомцем, но и зарядиться положительной энергией от активного времяпрепровождения на свежем воздухе",[]
 Искусство и творчество. ,#искусство #творчество #развлечение.,"Искусство и творчество - это способы самореализации и самовыражения. Мы можем наслаждаться произведениями различных жанров и стилей, либо сами создавать что-то уникальное",[38]
" Восход солнца"". ",#природа #утро #красота.,"Восход солнца"". #природа #утро #красота Стремительный восход солнца, окрашивающий небо в яркие оттенки оранжевого и розового, является одним из самых впечатляющих природных явлений. Это момент, когда новый день только начинается, и весь мир просыпается от сна.",[]
" Утренняя пробежка"". ",#спорт #здоровье #активность.,"Утренняя пробежка"". #спорт #здоровье #активность Утренняя пробежка - отличный способ начать день с энергией и бодростью. Тренировка на свежем воздухе помогает разогнать кровь, улучшить настроение и поддерживать хорошую физическую форму.",[]
" Романтический ужин"". ",#отношения #еда #вечер.,"Романтический ужин"". #отношения #еда #вечер Романтический ужин - идеальный способ создать особенную атмосферу для двоих. Зажигательные свечи, изысканные блюда и приятная компания помогут создать незабываемую вечернюю обстановку.",[49]
" Путешествие в горы"". ",#природа #горы #путешествия.,"Путешествие в горы"". #природа #горы #путешествия Путешествие в горы - это возможность ощутить прекрасное единение с природой, наслаждаться живописными пейзажами и преодолевать себя. Горы окутывают тебя своей величественностью и тишиной.",[48]
" Вдохновение"". ",#творчество #мотивация #идеи.,"Вдохновение"". #творчество #мотивация #идеи Вдохновение - ключевой элемент любого творческого процесса. Оно заставляет выйти за рамки привычного и искать новые идеи, неустанно двигаться вперед и достигать желаемых результатов.",[50]
